Workbook

Sheet 01_管理层总览
A1: 品牌运营排查优先级｜管理层总览
A3: 主口径：有效会话×商品首次观测加购后48小时；UTC；购买优先；未知品牌不参与排名
A5: 完整48小时样本 | D5: 48小时购买率 | G5: 未明确处置率 | J5: 移除率
A6: ='05_KPI数据'!$B$2 -> 772119 | D6: ='05_KPI数据'!$B$11/100 -> 0.135596 | G6: ='05_KPI数据'!$B$12/100 -> 0.662185 | J6: ='05_KPI数据'!$B$13/100 -> 0.202219
A10: 明确结果购买率 | D10: 总体移除/购买比 | G10: 已知品牌覆盖率 | J10: 优先核查品牌数
A11: ='05_KPI数据'!$B$14/100 -> 0.401391 | D11: ='05_KPI数据'!$B$15 -> 1.4913 | G11: ='05_KPI数据'!$B$16/100 -> 0.55988 | J11: =COUNTIF('02_品牌优先级'!$P$3:$P$99,"优先核查") -> 20
A16: 结果 | B16: 样本数
A17: 购买A | B17: 104696
A18: 未明确B | B18: 511286
A19: 移除C | B19: 156137
A31: 品牌 | B31: 完整样本 | C31: 购买率 | D31: 未明确处置率 | E31: 移除率 | F31: 移除/购买比 | G31: 行动
A32: ='02_品牌优先级'!A3 -> grattol | B32: ='02_品牌优先级'!B3 -> 33335 | C32: ='02_品牌优先级'!I3/100 -> 0.121794 | D32: ='02_品牌优先级'!J3/100 -> 0.682796 | E32: ='02_品牌优先级'!K3/100 -> 0.19541 | F32: ='02_品牌优先级'!M3 -> 1.6044 | G32: ='02_品牌优先级'!Q3 -> 拆分至SKU并核查库存/费用/配送/结账
A33: ='02_品牌优先级'!A4 -> masura | B33: ='02_品牌优先级'!B4 -> 30929 | C33: ='02_品牌优先级'!I4/100 -> 0.104627 | D33: ='02_品牌优先级'!J4/100 -> 0.653755 | E33: ='02_品牌优先级'!K4/100 -> 0.241618 | F33: ='02_品牌优先级'!M4 -> 2.3093 | G33: ='02_品牌优先级'!Q4 -> 拆分至SKU并核查库存/费用/配送/结账
A34: ='02_品牌优先级'!A5 -> ingarden | B34: ='02_品牌优先级'!B5 -> 15682 | C34: ='02_品牌优先级'!I5/100 -> 0.123135 | D34: ='02_品牌优先级'!J5/100 -> 0.680653 | E34: ='02_品牌优先级'!K5/100 -> 0.196212 | F34: ='02_品牌优先级'!M5 -> 1.5935 | G34: ='02_品牌优先级'!Q5 -> 拆分至SKU并核查库存/费用/配送/结账
A35: ='02_品牌优先级'!A6 -> pole | B35: ='02_品牌优先级'!B6 -> 12249 | C35: ='02_品牌优先级'!I6/100 -> 0.127112 | D35: ='02_品牌优先级'!J6/100 -> 0.628378 | E35: ='02_品牌优先级'!K6/100 -> 0.24451 | F35: ='02_品牌优先级'!M6 -> 1.9236 | G35: ='02_品牌优先级'!Q6 -> 拆分至SKU并核查库存/费用/配送/结账
A36: ='02_品牌优先级'!A7 -> bluesky | B36: ='02_品牌优先级'!B7 -> 9634 | C36: ='02_品牌优先级'!I7/100 -> 0.106083 | D36: ='02_品牌优先级'!J7/100 -> 0.643554 | E36: ='02_品牌优先级'!K7/100 -> 0.250363 | F36: ='02_品牌优先级'!M7 -> 2.3601 | G36: ='02_品牌优先级'!Q7 -> 拆分至SKU并核查库存/费用/配送/结账
A37: ='02_品牌优先级'!A8 -> haruyama | B37: ='02_品牌优先级'!B8 -> 7327 | C37: ='02_品牌优先级'!I8/100 -> 0.110959 | D37: ='02_品牌优先级'!J8/100 -> 0.653337 | E37: ='02_品牌优先级'!K8/100 -> 0.235704 | F37: ='02_品牌优先级'!M8 -> 2.1242 | G37: ='02_品牌优先级'!Q8 -> 拆分至SKU并核查库存/费用/配送/结账
A38: ='02_品牌优先级'!A9 -> cosmoprofi | B38: ='02_品牌优先级'!B9 -> 4403 | C38: ='02_品牌优先级'!I9/100 -> 0.089712 | D38: ='02_品牌优先级'!J9/100 -> 0.678174 | E38: ='02_品牌优先级'!K9/100 -> 0.232114 | F38: ='02_品牌优先级'!M9 -> 2.5873 | G38: ='02_品牌优先级'!Q9 -> 拆分至SKU并核查库存/费用/配送/结账
A39: ='02_品牌优先级'!A10 -> lovely | B39: ='02_品牌优先级'!B10 -> 4316 | C39: ='02_品牌优先级'!I10/100 -> 0.127896 | D39: ='02_品牌优先级'!J10/100 -> 0.677711 | E39: ='02_品牌优先级'!K10/100 -> 0.194393 | F39: ='02_品牌优先级'!M10 -> 1.5199 | G39: ='02_品牌优先级'!Q10 -> 拆分至SKU并核查库存/费用/配送/结账
A40: ='02_品牌优先级'!A11 -> lianail | B40: ='02_品牌优先级'!B11 -> 4168 | C40: ='02_品牌优先级'!I11/100 -> 0.114683 | D40: ='02_品牌优先级'!J11/100 -> 0.691699 | E40: ='02_品牌优先级'!K11/100 -> 0.193618 | F40: ='02_品牌优先级'!M11 -> 1.6883 | G40: ='02_品牌优先级'!Q11 -> 拆分至SKU并核查库存/费用/配送/结账
A41: ='02_品牌优先级'!A12 -> f.o.x | B41: ='02_品牌优先级'!B12 -> 4129 | C41: ='02_品牌优先级'!I12/100 -> 0.104868 | D41: ='02_品牌优先级'!J12/100 -> 0.651489 | E41: ='02_品牌优先级'!K12/100 -> 0.243643 | F41: ='02_品牌优先级'!M12 -> 2.3233 | G41: ='02_品牌优先级'!Q12 -> 拆分至SKU并核查库存/费用/配送/结账

Sheet 02_品牌优先级
A1: 已知品牌 48 小时运营排查优先级（A+B+C）
A2: 品牌 | B2: 完整样本数 | C2: 购买A | D2: 未明确B | E2: 移除C | F2: 明确结果A+C | G2: 用户数 | H2: 商品数 | I2: 购买率 | J2: 未明确处置率 | K2: 移除率 | L2: 明确结果购买率 | M2: 移除/购买比 | N2: 覆盖量层 | O2: 比值层 | P2: 优先级 | Q2: 建议动作
A3: grattol | B3: 33335 | C3: 4060 | D3: 22761 | E3: 6514 | F3: 10574 | G3: 11025 | H3: 305 | I3: 12.1794 | J3: 68.2796 | K3: 19.541 | L3: 38.3961 | M3: 1.6044 | N3: =IF(B3>='00_口径与参数'!$B$5,"高覆盖量","低覆盖量") -> 高覆盖量 | O3: =IF(M3>='00_口径与参数'!$B$6,"高比值","低比值") -> 高比值 | P3: =IF(AND(N3="高覆盖量",O3="高比值"),"优先核查",IF(N3="高覆盖量","规模优势/维护",IF(O3="高比值","监控并补样本","常规观察"))) -> 优先核查 | Q3: =IF(P3="优先核查","拆分至SKU并核查库存/费用/配送/结账",IF(P3="监控并补样本","补样本后再判断",IF(P3="规模优势/维护","维持并监控异常","常规观察"))) -> 拆分至SKU并核查库存/费用/配送/结账
A4: masura | B4: 30929 | C4: 3236 | D4: 20220 | E4: 7473 | F4: 10709 | G4: 7036 | H4: 1174 | I4: 10.4627 | J4: 65.3755 | K4: 24.1618 | L4: 30.2176 | M4: 2.3093 | N4: =IF(B4>='00_口径与参数'!$B$5,"高覆盖量","低覆盖量") -> 高覆盖量 | O4: =IF(M4>='00_口径与参数'!$B$6,"高比值","低比值") -> 高比值 | P4: =IF(AND(N4="高覆盖量",O4="高比值"),"优先核查",IF(N4="高覆盖量","规模优势/维护",IF(O4="高比值","监控并补样本","常规观察"))) -> 优先核查 | Q4: =IF(P4="优先核查","拆分至SKU并核查库存/费用/配送/结账",IF(P4="监控并补样本","补样本后再判断",IF(P4="规模优势/维护","维持并监控异常","常规观察"))) -> 拆分至SKU并核查库存/费用/配送/结账
A5: ingarden | B5: 15682 | C5: 1931 | D5: 10674 | E5: 3077 | F5: 5008 | G5: 6685 | H5: 479 | I5: 12.3135 | J5: 68.0653 | K5: 19.6212 | L5: 38.5583 | M5: 1.5935 | N5: =IF(B5>='00_口径与参数'!$B$5,"高覆盖量","低覆盖量") -> 高覆盖量 | O5: =IF(M5>='00_口径与参数'!$B$6,"高比值","低比值") -> 高比值 | P5: =IF(AND(N5="高覆盖量",O5="高比值"),"优先核查",IF(N5="高覆盖量","规模优势/维护",IF(O5="高比值","监控并补样本","常规观察"))) -> 优先核查 | Q5: =IF(P5="优先核查","拆分至SKU并核查库存/费用/配送/结账",IF(P5="监控并补样本","补样本后再判断",IF(P5="规模优势/维护","维持并监控异常","常规观察"))) -> 拆分至SKU并核查库存/费用/配送/结账
A6: pole | B6: 12249 | C6: 1557 | D6: 7697 | E6: 2995 | F6: 4552 | G6: 2918 | H6: 547 | I6: 12.7112 | J6: 62.8378 | K6: 24.451 | L6: 34.2047 | M6: 1.9236 | N6: =IF(B6>='00_口径与参数'!$B$5,"高覆盖量","低覆盖量") -> 高覆盖量 | O6: =IF(M6>='00_口径与参数'!$B$6,"高比值","低比值") -> 高比值 | P6: =IF(AND(N6="高覆盖量",O6="高比值"),"优先核查",IF(N6="高覆盖量","规模优势/维护",IF(O6="高比值","监控并补样本","常规观察"))) -> 优先核查 | Q6: =IF(P6="优先核查","拆分至SKU并核查库存/费用/配送/结账",IF(P6="监控并补样本","补样本后再判断",IF(P6="规模优势/维护","维持并监控异常","常规观察"))) -> 拆分至SKU并核查库存/费用/配送/结账
A7: bluesky | B7: 9634 | C7: 1022 | D7: 6200 | E7: 2412 | F7: 3434 | G7: 3192 | H7: 560 | I7: 10.6083 | J7: 64.3554 | K7: 25.0363 | L7: 29.7612 | M7: 2.3601 | N7: =IF(B7>='00_口径与参数'!$B$5,"高覆盖量","低覆盖量") -> 高覆盖量 | O7: =IF(M7>='00_口径与参数'!$B$6,"高比值","低比值") -> 高比值 | P7: =IF(AND(N7="高覆盖量",O7="高比值"),"优先核查",IF(N7="高覆盖量","规模优势/维护",IF(O7="高比值","监控并补样本","常规观察"))) -> 优先核查 | Q7: =IF(P7="优先核查","拆分至SKU并核查库存/费用/配送/结账",IF(P7="监控并补样本","补样本后再判断",IF(P7="规模优势/维护","维持并监控异常","常规观察"))) -> 拆分至SKU并核查库存/费用/配送/结账
A8: haruyama | B8: 7327 | C8: 813 | D8: 4787 | E8: 1727 | F8: 2540 | G8: 1916 | H8: 377 | I8: 11.0959 | J8: 65.3337 | K8: 23.5704 | L8: 32.0079 | M8: 2.1242 | N8: =IF(B8>='00_口径与参数'!$B$5,"高覆盖量","低覆盖量") -> 高覆盖量 | O8: =IF(M8>='00_口径与参数'!$B$6,"高比值","低比值") -> 高比值 | P8: =IF(AND(N8="高覆盖量",O8="高比值"),"优先核查",IF(N8="高覆盖量","规模优势/维护",IF(O8="高比值","监控并补样本","常规观察"))) -> 优先核查 | Q8: =IF(P8="优先核查","拆分至SKU并核查库存/费用/配送/结账",IF(P8="监控并补样本","补样本后再判断",IF(P8="规模优势/维护","维持并监控异常","常规观察"))) -> 拆分至SKU并核查库存/费用/配送/结账
A9: cosmoprofi | B9: 4403 | C9: 395 | D9: 2986 | E9: 1022 | F9: 1417 | G9: 1925 | H9: 270 | I9: 8.9712 | J9: 67.8174 | K9: 23.2114 | L9: 27.8758 | M9: 2.5873 | N9: =IF(B9>='00_口径与参数'!$B$5,"高覆盖量","低覆盖量") -> 高覆盖量 | O9: =IF(M9>='00_口径与参数'!$B$6,"高比值","低比值") -> 高比值 | P9: =IF(AND(N9="高覆盖量",O9="高比值"),"优先核查",IF(N9="高覆盖量","规模优势/维护",IF(O9="高比值","监控并补样本","常规观察"))) -> 优先核查 | Q9: =IF(P9="优先核查","拆分至SKU并核查库存/费用/配送/结账",IF(P9="监控并补样本","补样本后再判断",IF(P9="规模优势/维护","维持并监控异常","常规观察"))) -> 拆分至SKU并核查库存/费用/配送/结账
A10: lovely | B10: 4316 | C10: 552 | D10: 2925 | E10: 839 | F10: 1391 | G10: 2003 | H10: 323 | I10: 12.7896 | J10: 67.7711 | K10: 19.4393 | L10: 39.6837 | M10: 1.5199 | N10: =IF(B10>='00_口径与参数'!$B$5,"高覆盖量","低覆盖量") -> 高覆盖量 | O10: =IF(M10>='00_口径与参数'!$B$6,"高比值","低比值") -> 高比值 | P10: =IF(AND(N10="高覆盖量",O10="高比值"),"优先核查",IF(N10="高覆盖量","规模优势/维护",IF(O10="高比值","监控并补样本","常规观察"))) -> 优先核查 | Q10: =IF(P10="优先核查","拆分至SKU并核查库存/费用/配送/结账",IF(P10="监控并补样本","补样本后再判断",IF(P10="规模优势/维护","维持并监控异常","常规观察"))) -> 拆分至SKU并核查库存/费用/配送/结账
A11: lianail | B11: 4168 | C11: 478 | D11: 2883 | E11: 807 | F11: 1285 | G11: 1873 | H11: 388 | I11: 11.4683 | J11: 69.1699 | K11: 19.3618 | L11: 37.1984 | M11: 1.6883 | N11: =IF(B11>='00_口径与参数'!$B$5,"高覆盖量","低覆盖量") -> 高覆盖量 | O11: =IF(M11>='00_口径与参数'!$B$6,"高比值","低比值") -> 高比值 | P11: =IF(AND(N11="高覆盖量",O11="高比值"),"优先核查",IF(N11="高覆盖量","规模优势/维护",IF(O11="高比值","监控并补样本","常规观察"))) -> 优先核查 | Q11: =IF(P11="优先核查","拆分至SKU并核查库存/费用/配送/结账",IF(P11="监控并补样本","补样本后再判断",IF(P11="规模优势/维护","维持并监控异常","常规观察"))) -> 拆分至SKU并核查库存/费用/配送/结账
A12: f.o.x | B12: 4129 | C12: 433 | D12: 2690 | E12: 1006 | F12: 1439 | G12: 1554 | H12: 420 | I12: 10.4868 | J12: 65.1489 | K12: 24.3643 | L12: 30.0903 | M12: 2.3233 | N12: =IF(B12>='00_口径与参数'!$B$5,"高覆盖量","低覆盖量") -> 高覆盖量 | O12: =IF(M12>='00_口径与参数'!$B$6,"高比值","低比值") -> 高比值 | P12: =IF(AND(N12="高覆盖量",O12="高比值"),"优先核查",IF(N12="高覆盖量","规模优势/维护",IF(O12="高比值","监控并补样本","常规观察"))) -> 优先核查 | Q12: =IF(P12="优先核查","拆分至SKU并核查库存/费用/配送/结账",IF(P12="监控并补样本","补样本后再判断",IF(P12="规模优势/维护","维持并监控异常","常规观察"))) -> 拆分至SKU并核查库存/费用/配送/结账
A13: dartnails | B13: 4078 | C13: 411 | D13: 2772 | E13: 895 | F13: 1306 | G13: 1277 | H13: 71 | I13: 10.0785 | J13: 67.9745 | K13: 21.947 | L13: 31.4701 | M13: 2.1776 | N13: =IF(B13>='00_口径与参数'!$B$5,"高覆盖量","低覆盖量") -> 高覆盖量 | O13: =IF(M13>='00_口径与参数'!$B$6,"高比值","低比值") -> 高比值 | P13: =IF(AND(N13="高覆盖量",O13="高比值"),"优先核查",IF(N13="高覆盖量","规模优势/维护",IF(O13="高比值","监控并补样本","常规观察"))) -> 优先核查 | Q13: =IF(P13="优先核查","拆分至SKU并核查库存/费用/配送/结账",IF(P13="监控并补样本","补样本后再判断",IF(P13="规模优势/维护","维持并监控异常","常规观察"))) -> 拆分至SKU并核查库存/费用/配送/结账
A14: uskusi | B14: 3566 | C14: 309 | D14: 2509 | E14: 748 | F14: 1057 | G14: 1171 | H14: 510 | I14: 8.6652 | J14: 70.3589 | K14: 20.9759 | L14: 29.2337 | M14: 2.4207 | N14: =IF(B14>='00_口径与参数'!$B$5,"高覆盖量","低覆盖量") -> 高覆盖量 | O14: =IF(M14>='00_口径与参数'!$B$6,"高比值","低比值") -> 高比值 | P14: =IF(AND(N14="高覆盖量",O14="高比值"),"优先核查",IF(N14="高覆盖量","规模优势/维护",IF(O14="高比值","监控并补样本","常规观察"))) -> 优先核查 | Q14: =IF(P14="优先核查","拆分至SKU并核查库存/费用/配送/结账",IF(P14="监控并补样本","补样本后再判断",IF(P14="规模优势/维护","维持并监控异常","常规观察"))) -> 拆分至SKU并核查库存/费用/配送/结账
... A99: i-laq | B99: 226 | C99: 26 | D99: 124 | E99: 76 | F99: 102 | G99: 95 | H99: 113 | I99: 11.5044 | J99: 54.8673 | K99: 33.6283 | L99: 25.4902 | M99: 2.9231 | N99: =IF(B99>='00_口径与参数'!$B$5,"高覆盖量","低覆盖量") -> 低覆盖量 | O99: =IF(M99>='00_口径与参数'!$B$6,"高比值","低比值") -> 高比值 | P99: =IF(AND(N99="高覆盖量",O99="高比值"),"优先核查",IF(N99="高覆盖量","规模优势/维护",IF(O99="高比值","监控并补样本","常规观察"))) -> 监控并补样本 | Q99: =IF(P99="优先核查","拆分至SKU并核查库存/费用/配送/结账",IF(P99="监控并补样本","补样本后再判断",IF(P99="规模优势/维护","维持并监控异常","常规观察"))) -> 补样本后再判断

Sheet 03_窗口敏感性
A1: 同一批 72 小时完整样本：24/48/72 小时敏感性
A4: 窗口（小时） | B4: 共同样本数 | C4: 购买A | D4: 未明确B | E4: 移除C | F4: 购买率 | G4: 未明确处置率 | H4: 移除率 | I4: 明确结果购买率 | J4: 移除/购买比 | L4: 窗口 | M4: 购买率 | N4: 未明确处置率 | O4: 移除率
A5: 24 | B5: 756116 | C5: 102649 | D5: 500869 | E5: 152598 | F5: 13.5758 | G5: 66.2423 | H5: 20.1818 | I5: 40.2156 | J5: 1.4866 | L5: 24小时 | M5: 13.5758 | N5: 66.2423 | O5: 20.1818
A6: 48 | B6: 756116 | C6: 102841 | D6: 500087 | E6: 153188 | F6: 13.6012 | G6: 66.1389 | H6: 20.2599 | I6: 40.1677 | J6: 1.4896 | L6: 48小时 | M6: 13.6012 | N6: 66.1389 | O6: 20.2599
A7: 72 | B7: 756116 | C7: 102974 | D7: 499656 | E7: 153486 | F7: 13.6188 | G7: 66.0819 | H7: 20.2993 | I7: 40.1521 | J7: 1.4905 | L7: 72小时 | M7: 13.6188 | N7: 66.0819 | O7: 20.2993

Sheet 04_对账与质量
A1: 数据质量与跨工具对账
A4: 主队列质量指标 | B4: 数值 | D4: 原始表质量指标 | E4: 数值
A5: cart_event_rows | B5: 927124 | D5: source_row_count | E5: 3533286
A6: invalid_cart_key_event_rows | B6: 648 | D6: source_min_time_utc | E6: 2019-12-01 00:00:00+00:00
A7: first_observed_cart_rows | B7: 791350 | D7: source_max_time_utc | E7: 2019-12-31 23:59:57+00:00
A8: complete_48h_rows | B8: 772119 | D8: covered_utc_dates | E8: 31
A9: incomplete_tail_rows_excluded | B9: 19231 | D9: distinct_users | E9: 370154
A10: cohort_min_cart_time_utc | B10: 2019-12-01 00:00:02+00:00 | D10: distinct_sessions | E10: 839813
A11: cohort_max_cart_time_utc | B11: 2019-12-29 23:59:51+00:00 | D11: distinct_products | E11: 44624
A12: cohort_max_window_end_utc | B12: 2019-12-31 23:59:51+00:00 | D12: distinct_known_brands | E12: 252
A13: purchase_group_rows | B13: 104696 | D13: missing_user_id_rows | E13: 0
A14: unresolved_group_rows | B14: 511286 | D14: missing_session_rows | E14: 779
A15: remove_group_rows | B15: 156137 | D15: missing_product_id_rows | E15: 0
A16: missing_user_id_rows | B16: 0 | D16: missing_brand_rows | E16: 1510289
A17: missing_brand_rows | B17: 339825 | D17: missing_category_code_rows | E17: 3474821
A18: missing_category_code_rows | B18: 764019 | D18: missing_category_id_rows | E18: 0
A19: missing_price_rows | B19: 0 | D19: missing_price_rows | E19: 0
A20: nonpositive_price_rows | B20: 1106 | D20: nonpositive_price_rows | E20: 7607
A21: invalid_followup_order_rows | B21: 0 | D21: unexpected_event_type_rows | E21: 0
A22: duplicate_session_product_excess_rows | B22: 0 | D22: exact_duplicate_excess_rows | E22: 183860
A23: inconsistent_label_rows | B23: 0
A26: 检查 | B26: SQL | C26: Python | D26: 差异 | E26: 容差 | F26: 通过 | G26: 严重级别
A27: 完整48小时样本数 | B27: 772119 | C27: 772119 | D27: 0 | E27: 0 | F27: TRUE | G27: error
A28: A组数量 | B28: 104696 | C28: 104696 | D28: 0 | E28: 0 | F28: TRUE | G28: error
A29: B组数量 | B29: 511286 | C29: 511286 | D29: 0 | E29: 0 | F29: TRUE | G29: error
A30: C组数量 | B30: 156137 | C30: 156137 | D30: 0 | E30: 0 | F30: TRUE | G30: error
A31: 符合条件品牌数 | B31: 97 | C31: 97 | D31: 0 | E31: 0 | F31: TRUE | G31: error
A32: 品牌字段一致：brand_cohort_count | B32: 0 | C32: 0 | D32: 0 | E32: 0 | F32: TRUE | G32: error
A33: 品牌字段一致：purchase_count | B33: 0 | C33: 0 | D33: 0 | E33: 0 | F33: TRUE | G33: error
A34: 品牌字段一致：unresolved_count | B34: 0 | C34: 0 | D34: 0 | E34: 0 | F34: TRUE | G34: error
A35: 品牌字段一致：remove_count | B35: 0 | C35: 0 | D35: 0 | E35: 0 | F35: TRUE | G35: error
A36: 品牌字段一致：clear_outcome_count | B36: 0 | C36: 0 | D36: 0 | E36: 0 | F36: TRUE | G36: error
A37: 品牌字段一致：distinct_users | B37: 0 | C37: 0 | D37: 0 | E37: 0 | F37: TRUE | G37: error
A38: 品牌字段一致：distinct_sessions | B38: 0 | C38: 0 | D38: 0 | E38: 0 | F38: TRUE | G38: error
... A51: 未明确处置数量随窗口不上升 | B51: 1 | C51: 1 | D51: 0 | E51: 0 | F51: TRUE | G51: error

Sheet 00_口径与参数
A1: 品牌运营优先级：口径与可调参数
A4: 参数 | B4: 当前值
A5: 高覆盖量阈值（品牌样本数中位数） | B5: =MEDIAN('02_品牌优先级'!$B$3:$B$99) -> 1342
A6: 移除/购买比筛选线 | B6: 1.5
A8: 口径 | B8: 定义 | C8: 粒度 | D8: 分母 | E8: 用途 | F8: 限制
A9: 48小时购买率 | B9: A/(A+B+C) | C9: 会话×商品 | D9: 完整48小时首次观测加购 | E9: 主转化指标 | F9: 不是用户购买率
A10: 未明确处置率 | B10: B/(A+B+C) | C10: 会话×商品 | D10: 完整48小时首次观测加购 | E10: 保留未购买也未移除样本 | F10: B不是已确认流失
A11: 移除率 | B11: C/(A+B+C) | C11: 会话×商品 | D11: 完整48小时首次观测加购 | E11: 描述移除结果 | F11: 购买优先
A12: 明确结果购买率 | B12: A/(A+C) | C12: 会话×商品 | D12: 仅A+C | E12: 比较明确结果 | F12: 不能代替整体购买率
A13: 移除/购买比 | B13: C/A | C13: 品牌 | D13: A>0且A+C≥100 | E13: 品牌排查信号 | F13: 不是概率或因果风险
A14: 已知品牌覆盖率 | B14: 已知品牌样本/全队列 | C14: 会话×商品 | D14: 完整48小时队列 | E14: 判断品牌榜覆盖 | F14: 未知品牌不参与排名

Sheet 05_KPI数据
A1: 指标 | B1: 数值
A2: cohort_count | B2: 772119
A3: purchase_count | B3: 104696
A4: unresolved_count | B4: 511286
A5: remove_count | B5: 156137
A6: distinct_users | B6: 81401
A7: distinct_sessions | B7: 160918
A8: distinct_products | B8: 35896
A9: distinct_known_brands | B9: 229
A10: known_brand_rows | B10: 432294
A11: purchase_rate_pct | B11: 13.5596
A12: unresolved_rate_pct | B12: 66.2185
A13: remove_rate_pct | B13: 20.2219
... A16: known_brand_coverage_pct | B16: 55.988
